{"cameraMode":{"drawMode":0,"name":"Shaded","section":"Shading Mode"},"sceneLighting":false,"audioPlay":false,"sceneViewState":{"showFog":true,"showMaterialUpdate":false,"showSkybox":false,"showFlares":true,"showImageEffects":true,"showParticleSystems":true},"in2DMode":false,"pivot":{"x":2.3019416332244875,"y":-0.19090184569358827,"z":3.220630645751953},"rotation":{"x":0.04946170374751091,"y":-0.24175655841827393,"z":0.012340329587459565,"w":0.9689977765083313},"size":3.236304521560669,"orthographic":false}