{"cameraMode":{"drawMode":0,"name":"Shaded","section":"Shading Mode"},"sceneLighting":false,"audioPlay":false,"sceneViewState":{"showFog":true,"showMaterialUpdate":false,"showSkybox":false,"showFlares":true,"showImageEffects":true,"showParticleSystems":true},"in2DMode":false,"pivot":{"x":3.1004436016082765,"y":0.8536691069602966,"z":1.1204692125320435},"rotation":{"x":-0.011992573738098145,"y":-0.03449062258005142,"z":-0.0004139075172133744,"w":0.9993330836296082},"size":3.236304521560669,"orthographic":false}